2		3hr.huss		1	-	-	-	-	-	-	-	-	historical piControl ssp126 ssp245 ssp370 ssp585
3		3hr.pr		kg m-2 s-1	-	-	-	-	-	-	-	-	historical piControl ssp126 ssp245 ssp370 ssp585
4		3hr.tas		K	-	-	-	-	-	-	-	-	historical piControl ssp126 ssp245 ssp370 ssp585
5		3hr.uas		m s-1	-	-	-	-	-	-	-	-	historical piControl ssp126 ssp245 ssp370 ssp585
6		3hr.vas		m s-1	-	-	-	-	-	-	-	-	historical piControl ssp126 ssp245 ssp370 ssp585
7		6hrPlev.zg1000		m	-	-	-	-	-	-	-	-	historical piControl ssp126 ssp245 ssp370 ssp585
8		AERmon.abs550aer		1	-	-	-	-	-	-	-	-	esm-hist hist-GHG hist-aer hist-nat historical ssp245
9		AERmon.airmass		kg m-2	-	-	-	-	-	-	-	-	esm-hist hist-GHG hist-aer hist-nat historical ssp119 ssp126 ssp245 ssp370 ssp434 ssp460 ssp534-over ssp585
10		AERmon.ccn		m-3	-	-	-	-	-	-	-	-	historical ssp119 ssp126 ssp245 ssp370 ssp434 ssp460 ssp534-over ssp585
11		AERmon.cdnc		m-3	-	-	-	-	-	-	-	-	historical ssp119 ssp126 ssp245 ssp370 ssp434 ssp460 ssp534-over ssp585
12		AERmon.ch4		mol mol-1	-	-	-	-	-	-	-	-	historical ssp119 ssp126 ssp245 ssp370 ssp434 ssp460 ssp534-over ssp585
13		AERmon.co		mol mol-1	-	-	-	-	-	-	-	-	historical ssp119 ssp126 ssp245 ssp370 ssp434 ssp460 ssp534-over ssp585
14		AERmon.co2		mol mol-1	-	-	-	-	-	-	-	-	esm-hist hist-GHG hist-aer hist-nat historical ssp245
15		AERmon.emidms		kg m-2 s-1	-	-	-	-	-	-	-	-	historical ssp119 ssp126 ssp245 ssp370 ssp434 ssp460 ssp534-over ssp585
16		AERmon.emidust		kg m-2 s-1	-	-	-	-	-	-	-	-	historical ssp119 ssp126 ssp245 ssp370 ssp434 ssp460 ssp534-over ssp585
17		AERmon.emilnox		mol s-1	-	-	-	-	-	-	-	-	historical ssp119 ssp126 ssp245 ssp370 ssp434 ssp460 ssp534-over ssp585
18		AERmon.emiss		kg m-2 s-1	-	-	-	-	-	-	-	-	historical ssp119 ssp126 ssp245 ssp370 ssp434 ssp460 ssp534-over ssp585
19		AERmon.lossch4		mol m-3 s-1	-	-	-	-	-	-	-	-	historical ssp119 ssp126 ssp245 ssp370 ssp434 ssp460 ssp534-over ssp585
20		AERmon.lossco		mol m-3 s-1	-	-	-	-	-	-	-	-	historical ssp119 ssp126 ssp245 ssp370 ssp434 ssp460 ssp534-over ssp585
21		AERmon.mmrbc		kg kg-1	-	-	-	-	-	-	-	-	historical ssp119 ssp126 ssp245 ssp370 ssp434 ssp460 ssp534-over ssp585
22		AERmon.mmrdust		kg kg-1	-	-	-	-	-	-	-	-	historical ssp119 ssp126 ssp245 ssp370 ssp434 ssp460 ssp534-over ssp585
23		AERmon.mmrnh4		kg kg-1	-	-	-	-	-	-	-	-	historical ssp119 ssp126 ssp245 ssp370 ssp434 ssp460 ssp534-over ssp585
24		AERmon.mmrno3		kg kg-1	-	-	-	-	-	-	-	-	historical ssp119 ssp126 ssp245 ssp370 ssp434 ssp460 ssp534-over ssp585
25		AERmon.mmroa		kg kg-1	-	-	-	-	-	-	-	-	historical ssp119 ssp126 ssp245 ssp370 ssp434 ssp460 ssp534-over ssp585
26		AERmon.mmrpm2p5		kg kg-1	-	-	-	-	-	-	-	-	historical ssp119 ssp126 ssp245 ssp370 ssp434 ssp460 ssp534-over ssp585
27		AERmon.mmrso4		kg kg-1	-	-	-	-	-	-	-	-	historical ssp119 ssp126 ssp245 ssp370 ssp434 ssp460 ssp534-over ssp585
28		AERmon.mmrsoa		kg kg-1	-	-	-	-	-	-	-	-	historical ssp119 ssp126 ssp245 ssp370 ssp434 ssp460 ssp534-over ssp585
29		AERmon.mmrss		kg kg-1	-	-	-	-	-	-	-	-	historical ssp119 ssp126 ssp245 ssp370 ssp434 ssp460 ssp534-over ssp585
30		AERmon.no		mol mol-1	-	-	-	-	-	-	-	-	historical ssp119 ssp126 ssp245 ssp370 ssp434 ssp460 ssp534-over ssp585
31		AERmon.no2		mol mol-1	-	-	-	-	-	-	-	-	historical ssp119 ssp126 ssp245 ssp370 ssp434 ssp460 ssp534-over ssp585
32		AERmon.o3		mol mol-1	-	-	-	-	-	-	-	-	historical ssp119 ssp126 ssp245 ssp370 ssp434 ssp460 ssp534-over ssp585
33		AERmon.o3loss		mol m-3 s-1	-	-	-	-	-	-	-	-	historical ssp119 ssp126 ssp245 ssp370 ssp434 ssp460 ssp534-over ssp585
34		AERmon.o3prod		mol m-3 s-1	-	-	-	-	-	-	-	-	historical ssp119 ssp126 ssp245 ssp370 ssp434 ssp460 ssp534-over ssp585
35		AERmon.od550aer		1	-	-	-	-	-	-	-	-	esm-hist hist-GHG hist-aer hist-nat historical ssp119 ssp126 ssp245 ssp370 ssp434 ssp460 ssp534-over ssp585
36		AERmon.od550lt1aer		1	-	-	-	-	-	-	-	-	esm-hist hist-GHG hist-aer hist-nat historical ssp245
37		AERmon.od870aer		1	-	-	-	-	-	-	-	-	esm-hist hist-GHG hist-aer hist-nat historical ssp245
38		AERmon.oh		mol mol-1	-	-	-	-	-	-	-	-	historical ssp119 ssp126 ssp245 ssp370 ssp434 ssp460 ssp534-over ssp585
39		AERmon.photo1d		s-1	-	-	-	-	-	-	-	-	historical ssp119 ssp126 ssp245 ssp370 ssp434 ssp460 ssp534-over ssp585
40		AERmon.ps		Pa	-	-	-	-	-	-	-	-	a4SST a4SSTice a4SSTice-4xCO2 abrupt-0p5xCO2 abrupt-2xCO2 abrupt-solm4p abrupt-solp4p amip-4xCO2 amip-a4SST-4xCO2 amip-future4K amip-lwoff amip-m4K amip-p4K amip-p4K-lwoff amip-piForcing aqua-4xCO2 aqua-control aqua-control-lwoff aqua-p4K aqua-p4K-lwoff esm-hist hist-GHG hist-aer hist-nat historical piSST piSST-4xCO2 piSST-4xCO2-rad piSST-pxK rcp26-cmip5 rcp45-cmip5 rcp60-cmip5 rcp85-cmip5 ssp119 ssp126 ssp245 ssp370 ssp434 ssp460 ssp534-over ssp585
41		AERmon.ptp		Pa	-	-	-	-	-	-	-	-	historical ssp119 ssp126 ssp245 ssp370 ssp434 ssp460 ssp534-over ssp585
42		AERmon.rlutaf		W m-2	-	-	-	-	-	-	-	-	historical ssp119 ssp126 ssp245 ssp370 ssp434 ssp460 ssp534-over ssp585
43		AERmon.rlutcsaf		W m-2	-	-	-	-	-	-	-	-	historical ssp119 ssp126 ssp245 ssp370 ssp434 ssp460 ssp534-over ssp585
44		AERmon.rsutaf		W m-2	-	-	-	-	-	-	-	-	historical ssp119 ssp126 ssp245 ssp370 ssp434 ssp460 ssp534-over ssp585
45		AERmon.rsutcsaf		W m-2	-	-	-	-	-	-	-	-	historical ssp119 ssp126 ssp245 ssp370 ssp434 ssp460 ssp534-over ssp585
46		AERmon.so2		mol mol-1	-	-	-	-	-	-	-	-	historical ssp119 ssp126 ssp245 ssp370 ssp434 ssp460 ssp534-over ssp585
47		AERmon.toz		m	-	-	-	-	-	-	-	-	esm-hist hist-GHG hist-aer hist-nat historical ssp119 ssp126 ssp245 ssp370 ssp434 ssp460 ssp534-over ssp585
48		AERmon.tropoz		m	-	-	-	-	-	-	-	-	historical ssp119 ssp126 ssp245 ssp370 ssp434 ssp460 ssp534-over ssp585
49		AERmon.ua		m s-1	-	-	-	-	-	-	-	-	esm-hist hist-GHG hist-aer hist-nat hist-stratO3 historical land-noLu ssp119 ssp126 ssp245 ssp370 ssp434 ssp460 ssp534-over ssp585
50		AERmon.va		m s-1	-	-	-	-	-	-	-	-	esm-hist hist-GHG hist-aer hist-nat hist-stratO3 historical land-noLu ssp119 ssp126 ssp245 ssp370 ssp434 ssp460 ssp534-over ssp585
51		AERmon.wa		m s-1	-	-	-	-	-	-	-	-	historical ssp119 ssp126 ssp245 ssp370 ssp434 ssp460 ssp534-over ssp585
52		AERmon.zg		m	-	-	-	-	-	-	-	-	esm-hist hist-GHG hist-aer hist-nat hist-stratO3 historical land-noLu ssp119 ssp126 ssp245 ssp370 ssp434 ssp460 ssp534-over ssp585
53		AERmonZ.ch4		mol mol-1	-	-	-	-	-	-	-	-	historical ssp119 ssp126 ssp245 ssp370 ssp434 ssp460 ssp534-over ssp585
54		AERmonZ.o3		mol mol-1	-	-	-	-	-	-	-	-	historical ssp119 ssp126 ssp245 ssp370 ssp434 ssp460 ssp534-over ssp585
55		AERmonZ.oh		mol mol-1	-	-	-	-	-	-	-	-	historical ssp119 ssp126 ssp245 ssp370 ssp434 ssp460 ssp534-over ssp585
56		AERmonZ.ta		K	-	-	-	-	-	-	-	-	esm-hist hist-GHG hist-aer hist-nat hist-stratO3 historical land-noLu piClim-4xCO2 piClim-aer piClim-anthro piClim-control piClim-ghg piClim-lu ssp119 ssp126 ssp245 ssp370 ssp434 ssp460 ssp534-over ssp585
57		AERmonZ.ua		m s-1	-	-	-	-	-	-	-	-	esm-hist hist-GHG hist-aer hist-nat hist-stratO3 historical land-noLu ssp119 ssp126 ssp245 ssp370 ssp434 ssp460 ssp534-over ssp585
58		AERmonZ.va		m s-1	-	-	-	-	-	-	-	-	esm-hist hist-GHG hist-aer hist-nat hist-stratO3 historical land-noLu ssp119 ssp126 ssp245 ssp370 ssp434 ssp460 ssp534-over ssp585
59		AERmonZ.zg		m	-	-	-	-	-	-	-	-	esm-hist hist-GHG hist-aer hist-nat hist-stratO3 historical land-noLu ssp119 ssp126 ssp245 ssp370 ssp434 ssp460 ssp534-over ssp585
60	Tropopause field is essentially constant, need to apply test to a stratospheric level,	Amon.ch4		mol mol-1	-	-	-	-	-	-	-	-	historical ssp119 ssp126 ssp245 ssp370 ssp434 ssp460 ssp534-over ssp585
61	No data ..	Amon.ch4Clim		mol mol-1	-	-	-	-	-	-	-	-	historical ssp119 ssp126 ssp245 ssp370 ssp434 ssp460 ssp534-over ssp585
62	After adjusting limits, one error.	Amon.clt		%	100.001	robust	-0.001	robust	90	robust	10	robust	esm-hist hist-GHG hist-aer hist-nat hist-stratO3 historical land-noLu ssp245
63	Intermodel variability is, in lowest layer, substantially greater than internal variability	Amon.co2		mol mol-1	-	-	-	-	-	-	-	-	esm-hist hist-GHG hist-aer hist-nat historical ssp245
64		Amon.co2Clim		mol mol-1	-	-	-	-	-	-	-	-	esm-hist hist-GHG hist-aer hist-nat historical ssp245
65		Amon.evspsbl		kg m-2 s-1	-	-	-	-	-	-	-	-	a4SST a4SSTice a4SSTice-4xCO2 abrupt-0p5xCO2 abrupt-2xCO2 abrupt-solm4p abrupt-solp4p amip-4xCO2 amip-a4SST-4xCO2 amip-future4K amip-lwoff amip-m4K amip-p4K amip-p4K-lwoff amip-piForcing aqua-4xCO2 aqua-control aqua-control-lwoff aqua-p4K aqua-p4K-lwoff esm-hist hist-GHG hist-aer hist-nat historical lgm midHolocene piControl piSST piSST-4xCO2 piSST-4xCO2-rad piSST-pxK rcp26-cmip5 rcp45-cmip5 rcp60-cmip5 rcp85-cmip5 ssp119 ssp126 ssp245 ssp370 ssp434 ssp460 ssp534-over ssp585
66		Amon.hfls		W m-2	1800	robust	-400	robust	110	robust	30	robust	esm-hist hist-GHG hist-aer hist-nat historical ssp245
67		Amon.hfss		W m-2	2000	robust	-1000	robust	60	robust	5	robust	esm-hist hist-GHG hist-aer hist-nat historical ssp245
1		Amon.hur		%	100.001	robust	-0.001	robust	99	suggested	50	suggested	
68		Amon.hurs		%	100.001	robust	-0.001	robust	99	suggested	50	suggested	a4SST a4SSTice a4SSTice-4xCO2 abrupt-0p5xCO2 abrupt-2xCO2 abrupt-solm4p abrupt-solp4p amip-4xCO2 amip-a4SST-4xCO2 amip-future4K amip-lwoff amip-m4K amip-p4K amip-p4K-lwoff amip-piForcing aqua-4xCO2 aqua-control aqua-control-lwoff aqua-p4K aqua-p4K-lwoff esm-hist hist-GHG hist-aer hist-nat hist-stratO3 historical land-noLu piControl piSST piSST-4xCO2 piSST-4xCO2-rad piSST-pxK rcp26-cmip5 rcp45-cmip5 rcp60-cmip5 rcp85-cmip5 ssp119 ssp126 ssp245 ssp370 ssp434 ssp460 ssp534-over ssp585
69		Amon.hus		1	0.02841	suggested	-0.000299	suggested	0.01041	suggested	Item <X.1 Core Attributes>: [ok_min_mean_abs] Minimum expected value of the global mean absolute value at each point in time		esm-hist hist-GHG hist-aer hist-nat hist-stratO3 historical land-noLu piClim-4xCO2 piClim-aer piClim-anthro piClim-control piClim-ghg piClim-lu ssp245
70		Amon.huss		1	0.03	robust	0	robust	0.012	robust	0.005	robust	a4SST a4SSTice a4SSTice-4xCO2 abrupt-0p5xCO2 abrupt-2xCO2 abrupt-solm4p abrupt-solp4p amip-4xCO2 amip-a4SST-4xCO2 amip-future4K amip-lwoff amip-m4K amip-p4K amip-p4K-lwoff amip-piForcing aqua-4xCO2 aqua-control aqua-control-lwoff aqua-p4K aqua-p4K-lwoff esm-hist hist-GHG hist-aer hist-nat hist-stratO3 historical land-noLu piSST piSST-4xCO2 piSST-4xCO2-rad piSST-pxK rcp26-cmip5 rcp45-cmip5 rcp60-cmip5 rcp85-cmip5 ssp119 ssp126 ssp245 ssp370 ssp434 ssp460 ssp534-over ssp585
71		Amon.o3		mol mol-1	-	-	-	-	-	-	-	-	historical ssp119 ssp126 ssp245 ssp370 ssp434 ssp460 ssp534-over ssp585
72		Amon.o3Clim		mol mol-1	-	-	-	-	-	-	-	-	historical ssp119 ssp126 ssp245 ssp370 ssp434 ssp460 ssp534-over ssp585
73		Amon.pr		kg m-2 s-1	0.0015	robust	-1E-06	robust	4E-05	robust	1.5E-05	robust	a4SST a4SSTice a4SSTice-4xCO2 abrupt-0p5xCO2 abrupt-2xCO2 abrupt-4xCO2 abrupt-solm4p abrupt-solp4p amip-4xCO2 amip-a4SST-4xCO2 amip-future4K amip-lwoff amip-m4K amip-p4K amip-p4K-lwoff amip-piForcing aqua-4xCO2 aqua-control aqua-control-lwoff aqua-p4K aqua-p4K-lwoff esm-hist hist-GHG hist-aer hist-nat hist-stratO3 historical land-noLu lgm midHolocene piControl piSST piSST-4xCO2 piSST-4xCO2-rad piSST-pxK rcp26-cmip5 rcp45-cmip5 rcp60-cmip5 rcp85-cmip5 ssp119 ssp126 ssp245 ssp370 ssp434 ssp460 ssp534-over ssp585
74		Amon.prsn		kg m-2 s-1	0.0008	robust	-1E-06	robust	8E-06	robust	1E-06	robust	historical piControl ssp119 ssp126 ssp245 ssp370 ssp434 ssp460 ssp534-over ssp585
75		Amon.prw		kg m-2	90	robust	0	robust	26	robust	12	robust	a4SST a4SSTice a4SSTice-4xCO2 abrupt-0p5xCO2 abrupt-2xCO2 abrupt-solm4p abrupt-solp4p amip-4xCO2 amip-a4SST-4xCO2 amip-future4K amip-lwoff amip-m4K amip-p4K amip-p4K-lwoff amip-piForcing aqua-4xCO2 aqua-control aqua-control-lwoff aqua-p4K aqua-p4K-lwoff esm-hist hist-GHG hist-aer hist-nat historical piSST piSST-4xCO2 piSST-4xCO2-rad piSST-pxK rcp26-cmip5 rcp45-cmip5 rcp60-cmip5 rcp85-cmip5 ssp119 ssp126 ssp245 ssp370 ssp434 ssp460 ssp534-over ssp585
76		Amon.ps		Pa	112000	robust	47500	robust	100000	robust	93000	robust	a4SST a4SSTice a4SSTice-4xCO2 abrupt-0p5xCO2 abrupt-2xCO2 abrupt-solm4p abrupt-solp4p amip-4xCO2 amip-a4SST-4xCO2 amip-future4K amip-lwoff amip-m4K amip-p4K amip-p4K-lwoff amip-piForcing aqua-4xCO2 aqua-control aqua-control-lwoff aqua-p4K aqua-p4K-lwoff esm-hist hist-GHG hist-aer hist-nat historical piSST piSST-4xCO2 piSST-4xCO2-rad piSST-pxK rcp26-cmip5 rcp45-cmip5 rcp60-cmip5 rcp85-cmip5 ssp119 ssp126 ssp245 ssp370 ssp434 ssp460 ssp534-over ssp585
77		Amon.psl		Pa	109000	robust	91000	robust	106000	robust	96000	robust	esm-hist hist-GHG hist-aer hist-nat hist-stratO3 historical land-noLu rcp26-cmip5 rcp45-cmip5 rcp60-cmip5 rcp85-cmip5 ssp119 ssp126 ssp245 ssp370 ssp434 ssp460 ssp534-over ssp585
78		Amon.rlds		W m-2	520	robust	30	robust	330	robust	260	robust	esm-hist hist-GHG hist-aer hist-nat historical ssp245
79		Amon.rlus		W m-2	660	robust	43	robust	380	robust	320	robust	esm-hist historical
80		Amon.rlut		W m-2	385	robust	65	robust	305	robust	205	robust	1pctCO2 abrupt-4xCO2 esm-hist hist-GHG hist-aer hist-nat hist-stratO3 historical land-noLu piClim-4xCO2 piClim-aer piClim-anthro piClim-control piClim-ghg piClim-lu piControl ssp119 ssp126 ssp245 ssp370 ssp434 ssp460 ssp534-over ssp585
81		Amon.rlutcs		W m-2	390	robust	65	robust	270	robust	220	robust	1pctCO2 abrupt-4xCO2 esm-hist hist-GHG hist-aer hist-nat hist-stratO3 historical land-noLu piClim-4xCO2 piClim-aer piClim-anthro piClim-control piClim-ghg piClim-lu piControl ssp126 ssp245 ssp370 ssp585
82		Amon.rsds		W m-2	550	robust	-0.1	robust	200	robust	120	robust	esm-hist hist-GHG hist-aer hist-nat historical piControl ssp126 ssp245 ssp370 ssp585
83		Amon.rsdscs		W m-2	-	-	-	-	-	-	-	-	piClim-4xCO2 piClim-aer piClim-anthro piClim-control piClim-ghg piClim-lu
84		Amon.rsdt		W m-2	580.4	suggested	0	suggested	315.8	suggested	282.6	suggested	1pctCO2 abrupt-4xCO2 historical piClim-4xCO2 piClim-aer piClim-anthro piClim-control piClim-ghg piClim-lu piControl ssp126 ssp245 ssp370 ssp585
85		Amon.rsus		W m-2	480	robust	-0.1	robust	90	robust	10	robust	esm-hist hist-GHG hist-aer hist-nat historical ssp245
86		Amon.rsuscs		W m-2	480	robust	-0.1	robust	90	robust	10	robust	piClim-4xCO2 piClim-aer piClim-anthro piClim-control piClim-ghg piClim-lu
87		Amon.rsut		W m-2	480	robust	-0.1	robust	160	robust	60	robust	1pctCO2 abrupt-4xCO2 esm-hist hist-GHG hist-aer hist-nat hist-stratO3 historical land-noLu piClim-4xCO2 piClim-aer piClim-anthro piClim-control piClim-ghg piClim-lu piControl ssp119 ssp126 ssp245 ssp370 ssp434 ssp460 ssp534-over ssp585
88		Amon.rsutcs		W m-2	480	robust	-0.1	robust	120	robust	30	robust	1pctCO2 abrupt-4xCO2 esm-hist hist-GHG hist-aer hist-nat hist-stratO3 historical land-noLu piClim-4xCO2 piClim-aer piClim-anthro piClim-control piClim-ghg piClim-lu piControl ssp126 ssp245 ssp370 ssp585
89		Amon.rtmt		W m-2	250	robust	-250	robust	150	robust	40	robust	esm-hist hist-GHG hist-aer hist-nat historical ssp245
90		Amon.sbl		kg m-2 s-1	0.001	robust	-0.0005	robust	0.0001	robust	0	robust	historical ssp119 ssp126 ssp245 ssp370 ssp434 ssp460 ssp534-over ssp585
91		Amon.ta		K	336.3	suggested	157.1	suggested	299.8	suggested	194.3	suggested	esm-hist hist-GHG hist-aer hist-nat hist-stratO3 historical land-noLu piClim-4xCO2 piClim-aer piClim-anthro piClim-control piClim-ghg piClim-lu ssp119 ssp126 ssp245 ssp370 ssp434 ssp460 ssp534-over ssp585
92		Amon.tas		K	350	robust	170	robust	295	robust	255	robust	1pctCO2 abrupt-4xCO2 amip esm-hist hist-GHG hist-aer hist-nat historical land-noLu lgm midHolocene piControl rcp26-cmip5 rcp45-cmip5 rcp60-cmip5 rcp85-cmip5 ssp119 ssp126 ssp245 ssp370 ssp434 ssp460 ssp534-over ssp585
93		Amon.tasmax		K	355	robust	175	robust	300	robust	260	robust	esm-hist historical piControl ssp126 ssp245 ssp370 ssp585
94		Amon.tasmin		K	345	robust	165	robust	290	robust	250	robust	esm-hist historical piControl ssp126 ssp245 ssp370 ssp585
95		Amon.tauu		Pa	10	robust	-10	robust	0.2	robust	0.01	robust	esm-hist hist-GHG hist-aer hist-nat historical land-noLu ssp245
96		Amon.tauv		Pa	10	robust	-10	robust	0.2	robust	0.01	robust	esm-hist hist-GHG hist-aer hist-nat historical land-noLu ssp245
97		Amon.ts		K	340	robust	170	robust	295	robust	255	robust	control-1950 esm-hist faf-all faf-antwater-stress faf-heat faf-heat-NA0pct faf-heat-NA50pct faf-passiveheat faf-stress faf-water highres-future highresSST-4xCO2 highresSST-LAI highresSST-future highresSST-p4K highresSST-present highresSST-smoothed hist-1950 hist-GHG hist-aer hist-nat hist-stratO3 historical land-noLu lgm midHolocene omip1 omip1-spunup omip2 omip2-spunup piClim-4xCO2 piClim-aer piClim-anthro piClim-control piClim-ghg piClim-lu piControl rcp26-cmip5 rcp45-cmip5 rcp60-cmip5 rcp85-cmip5 spinup-1950 ssp119 ssp126 ssp245 ssp370 ssp434 ssp460 ssp534-over ssp585
98		Amon.ua		m s-1	136.6	suggested	-68.65	suggested	22.42	suggested	1.101	suggested	esm-hist hist-GHG hist-aer hist-nat hist-stratO3 historical land-noLu ssp119 ssp126 ssp245 ssp370 ssp434 ssp460 ssp534-over ssp585
99		Amon.va		m s-1	69.93	suggested	-71.1	suggested	4.679	suggested	0.9886	suggested	esm-hist hist-GHG hist-aer hist-nat hist-stratO3 historical land-noLu ssp119 ssp126 ssp245 ssp370 ssp434 ssp460 ssp534-over ssp585
100		Amon.zg		m	34370	suggested	-719.7	suggested	32990	suggested	-	-	esm-hist hist-GHG hist-aer hist-nat hist-stratO3 historical land-noLu ssp119 ssp126 ssp245 ssp370 ssp434 ssp460 ssp534-over ssp585
101		CF3hr.pr		kg m-2 s-1	-	-	-	-	-	-	-	-	historical piControl ssp126 ssp245 ssp370 ssp585
102		CF3hr.prw		kg m-2	-	-	-	-	-	-	-	-	historical piControl ssp126 ssp245 ssp370 ssp585
103		CF3hr.psl		Pa	-	-	-	-	-	-	-	-	historical piControl ssp126 ssp245 ssp370 ssp585
104		CFday.ps		Pa	-	-	-	-	-	-	-	-	historical ssp119 ssp126 ssp245 ssp370 ssp434 ssp460 ssp534-over ssp585
105		CFmon.clisccp		%	-	-	-	-	-	-	-	-	
106		CFmon.hus		1	-	-	-	-	-	-	-	-	esm-hist hist-GHG hist-aer hist-nat hist-stratO3 historical land-noLu piClim-4xCO2 piClim-aer piClim-anthro piClim-control piClim-ghg piClim-lu ssp245
107		CFmon.ps		Pa	-	-	-	-	-	-	-	-	a4SST a4SSTice a4SSTice-4xCO2 abrupt-0p5xCO2 abrupt-2xCO2 abrupt-solm4p abrupt-solp4p amip-4xCO2 amip-a4SST-4xCO2 amip-future4K amip-lwoff amip-m4K amip-p4K amip-p4K-lwoff amip-piForcing aqua-4xCO2 aqua-control aqua-control-lwoff aqua-p4K aqua-p4K-lwoff esm-hist hist-GHG hist-aer hist-nat historical piSST piSST-4xCO2 piSST-4xCO2-rad piSST-pxK rcp26-cmip5 rcp45-cmip5 rcp60-cmip5 rcp85-cmip5 ssp119 ssp126 ssp245 ssp370 ssp434 ssp460 ssp534-over ssp585
108		CFmon.smc		kg m-2 s-1	-	-	-	-	-	-	-	-	historical ssp119 ssp126 ssp245 ssp370 ssp434 ssp460 ssp534-over ssp585
109		CFmon.ta		K	-	-	-	-	-	-	-	-	esm-hist hist-GHG hist-aer hist-nat hist-stratO3 historical land-noLu piClim-4xCO2 piClim-aer piClim-anthro piClim-control piClim-ghg piClim-lu ssp119 ssp126 ssp245 ssp370 ssp434 ssp460 ssp534-over ssp585
238		day.hurs		%	-	-	-	-	-	-	-	-	historical piControl ssp119 ssp126 ssp245 ssp370 ssp434 ssp460 ssp534-over ssp585
239		day.huss		1	-	-	-	-	-	-	-	-	historical ssp119 ssp126 ssp245 ssp370 ssp434 ssp460 ssp534-over ssp585
240		day.mrro	fx.sftlf	kg m-2 s-1	-	-	-	-	-	-	-	-	historical ssp119 ssp126 ssp245 ssp370 ssp434 ssp460 ssp534-over ssp585
241		day.pr		kg m-2 s-1	-	-	-	-	-	-	-	-	historical piControl ssp119 ssp126 ssp245 ssp370 ssp434 ssp460 ssp534-over ssp585
242		day.psl		Pa	-	-	-	-	-	-	-	-	historical piControl ssp119 ssp126 ssp245 ssp370 ssp434 ssp460 ssp534-over ssp585
243		day.sfcWindmax		m s-1	-	-	-	-	-	-	-	-	historical ssp119 ssp126 ssp245 ssp370 ssp434 ssp460 ssp534-over ssp585
244		day.snw	fx.sftlf	kg m-2	-	-	-	-	-	-	-	-	historical ssp119 ssp126 ssp245 ssp370 ssp434 ssp460 ssp534-over ssp585
245		day.ta		K	-	-	-	-	-	-	-	-	
246		day.tas		K	-	-	-	-	-	-	-	-	historical piControl ssp119 ssp126 ssp245 ssp370 ssp434 ssp460 ssp534-over ssp585
247		day.tasmax		K	-	-	-	-	-	-	-	-	historical lgm midHolocene piControl ssp119 ssp126 ssp245 ssp370 ssp434 ssp460 ssp534-over ssp585
248		day.tasmin		K	-	-	-	-	-	-	-	-	historical piControl ssp119 ssp126 ssp245 ssp370 ssp434 ssp460 ssp534-over ssp585
249		day.ua		m s-1	-	-	-	-	-	-	-	-	historical piControl ssp119 ssp126 ssp245 ssp370 ssp434 ssp460 ssp534-over ssp585
250		day.uas		m s-1	-	-	-	-	-	-	-	-	historical piControl ssp119 ssp126 ssp245 ssp370 ssp434 ssp460 ssp534-over ssp585
251		day.va		m s-1	-	-	-	-	-	-	-	-	historical piControl ssp119 ssp126 ssp245 ssp370 ssp434 ssp460 ssp534-over ssp585
252		day.vas		m s-1	-	-	-	-	-	-	-	-	historical piControl ssp119 ssp126 ssp245 ssp370 ssp434 ssp460 ssp534-over ssp585
253		day.wap		Pa s-1	-	-	-	-	-	-	-	-	
254		day.zg		m	-	-	-	-	-	-	-	-	historical piControl ssp119 ssp126 ssp245 ssp370 ssp434 ssp460 ssp534-over ssp585
110		E3hr.prw		kg m-2	-	-	-	-	-	-	-	-	historical piControl ssp126 ssp245 ssp370 ssp585
111		E3hr.psl		Pa	-	-	-	-	-	-	-	-	historical piControl ssp126 ssp245 ssp370 ssp585
112		E3hr.uas		m s-1	-	-	-	-	-	-	-	-	historical piControl ssp126 ssp245 ssp370 ssp585
113		E3hr.vas		m s-1	-	-	-	-	-	-	-	-	historical piControl ssp126 ssp245 ssp370 ssp585
114		Eday.hus850		1	-	-	-	-	-	-	-	-	historical piControl ssp119 ssp126 ssp245 ssp370 ssp434 ssp460 ssp534-over ssp585
115		EdayZ.ta		K	-	-	-	-	-	-	-	-	
116		EdayZ.ua		m s-1	-	-	-	-	-	-	-	-	historical piControl ssp119 ssp126 ssp245 ssp370 ssp434 ssp460 ssp534-over ssp585
117		EdayZ.va		m s-1	-	-	-	-	-	-	-	-	historical piControl ssp119 ssp126 ssp245 ssp370 ssp434 ssp460 ssp534-over ssp585
118		EdayZ.zg		m	-	-	-	-	-	-	-	-	historical piControl ssp119 ssp126 ssp245 ssp370 ssp434 ssp460 ssp534-over ssp585
119		Emon.cSoil	fx.sftlf	kg m-2	-	-	-	-	-	-	-	-	esm-hist hist-GHG hist-aer hist-nat historical ssp245
120		Emon.evspsblpot	fx.sftlf	kg m-2 s-1	-	-	-	-	-	-	-	-	a4SST a4SSTice a4SSTice-4xCO2 abrupt-0p5xCO2 abrupt-2xCO2 abrupt-solm4p abrupt-solp4p amip-4xCO2 amip-a4SST-4xCO2 amip-future4K amip-lwoff amip-m4K amip-p4K amip-p4K-lwoff amip-piForcing aqua-4xCO2 aqua-control aqua-control-lwoff aqua-p4K aqua-p4K-lwoff esm-hist hist-GHG hist-aer hist-nat historical piSST piSST-4xCO2 piSST-4xCO2-rad piSST-pxK rcp26-cmip5 rcp45-cmip5 rcp60-cmip5 rcp85-cmip5 ssp119 ssp126 ssp245 ssp370 ssp434 ssp460 ssp534-over ssp585
121		Emon.hus		1	-	-	-	-	-	-	-	-	esm-hist hist-GHG hist-aer hist-nat hist-stratO3 historical land-noLu piClim-4xCO2 piClim-aer piClim-anthro piClim-control piClim-ghg piClim-lu ssp245
122		Emon.hus27		1	-	-	-	-	-	-	-	-	esm-hist hist-GHG hist-aer hist-nat hist-stratO3 historical land-noLu piClim-4xCO2 piClim-aer piClim-anthro piClim-control piClim-ghg piClim-lu ssp245
123		Emon.mmrno3		kg kg-1	-	-	-	-	-	-	-	-	historical ssp119 ssp126 ssp245 ssp370 ssp434 ssp460 ssp534-over ssp585
124		Emon.mrtws	fx.sftlf	kg m-2	-	-	-	-	-	-	-	-	esm-hist hist-GHG hist-aer hist-nat historical ssp245
125		Emon.ps		Pa	-	-	-	-	-	-	-	-	a4SST a4SSTice a4SSTice-4xCO2 abrupt-0p5xCO2 abrupt-2xCO2 abrupt-solm4p abrupt-solp4p amip-4xCO2 amip-a4SST-4xCO2 amip-future4K amip-lwoff amip-m4K amip-p4K amip-p4K-lwoff amip-piForcing aqua-4xCO2 aqua-control aqua-control-lwoff aqua-p4K aqua-p4K-lwoff esm-hist hist-GHG hist-aer hist-nat historical piSST piSST-4xCO2 piSST-4xCO2-rad piSST-pxK rcp26-cmip5 rcp45-cmip5 rcp60-cmip5 rcp85-cmip5 ssp119 ssp126 ssp245 ssp370 ssp434 ssp460 ssp534-over ssp585
126		Emon.rss		W m-2	-	-	-	-	-	-	-	-	esm-hist hist-GHG hist-aer hist-nat historical ssp245
127		Emon.sweLut		m	-	-	-	-	-	-	-	-	esm-hist historical
128		Emon.ta27		K	-	-	-	-	-	-	-	-	esm-hist hist-GHG hist-aer hist-nat hist-stratO3 historical land-noLu piClim-4xCO2 piClim-aer piClim-anthro piClim-control piClim-ghg piClim-lu ssp119 ssp126 ssp245 ssp370 ssp434 ssp460 ssp534-over ssp585
129		Emon.ua		m s-1	-	-	-	-	-	-	-	-	esm-hist hist-GHG hist-aer hist-nat hist-stratO3 historical land-noLu ssp119 ssp126 ssp245 ssp370 ssp434 ssp460 ssp534-over ssp585
130		Emon.ua27		m s-1	-	-	-	-	-	-	-	-	esm-hist hist-GHG hist-aer hist-nat hist-stratO3 historical land-noLu ssp119 ssp126 ssp245 ssp370 ssp434 ssp460 ssp534-over ssp585
131		Emon.va		m s-1	-	-	-	-	-	-	-	-	esm-hist hist-GHG hist-aer hist-nat hist-stratO3 historical land-noLu ssp119 ssp126 ssp245 ssp370 ssp434 ssp460 ssp534-over ssp585
132		Emon.va27		m s-1	-	-	-	-	-	-	-	-	esm-hist hist-GHG hist-aer hist-nat hist-stratO3 historical land-noLu ssp119 ssp126 ssp245 ssp370 ssp434 ssp460 ssp534-over ssp585
133		Emon.zg27		m	-	-	-	-	-	-	-	-	esm-hist hist-GHG hist-aer hist-nat hist-stratO3 historical land-noLu ssp119 ssp126 ssp245 ssp370 ssp434 ssp460 ssp534-over ssp585
134		EmonZ.wtem		m s-1	-	-	-	-	-	-	-	-	historical
255		fx.mrsofc	fx.sftlf	kg m-2	-	-	-	-	-	-	-	-	historical piControl ssp126 ssp245 ssp370 ssp585
135		ImonAnt.acabf	fx.sftgif	kg m-2 s-1	-	-	-	-	-	-	-	-	historical ssp119 ssp126 ssp245 ssp370 ssp434 ssp460 ssp534-over ssp585
136		ImonAnt.hfls	fx.sftgif	W m-2	1800	robust	-400	robust	110	robust	30	robust	esm-hist hist-GHG hist-aer hist-nat historical ssp245
137		ImonAnt.hfss	fx.sftgif	W m-2	2000	robust	-1000	robust	60	robust	5	robust	esm-hist hist-GHG hist-aer hist-nat historical ssp245
138		ImonAnt.prsn	fx.sftgif	kg m-2 s-1	-	-	-	-	-	-	-	-	historical piControl ssp119 ssp126 ssp245 ssp370 ssp434 ssp460 ssp534-over ssp585
139		ImonAnt.rlds	fx.sftgif	W m-2	-	-	-	-	-	-	-	-	esm-hist hist-GHG hist-aer hist-nat historical ssp245
140		ImonAnt.rlus	fx.sftgif	W m-2	-	-	-	-	-	-	-	-	esm-hist historical
141		ImonAnt.rsds	fx.sftgif	W m-2	-	-	-	-	-	-	-	-	esm-hist hist-GHG hist-aer hist-nat historical piControl ssp126 ssp245 ssp370 ssp585
142		ImonAnt.rsus	fx.sftgif	W m-2	-	-	-	-	-	-	-	-	esm-hist hist-GHG hist-aer hist-nat historical ssp245
143		ImonAnt.sbl	fx.sftgif	kg m-2 s-1	-	-	-	-	-	-	-	-	historical ssp119 ssp126 ssp245 ssp370 ssp434 ssp460 ssp534-over ssp585
144		ImonAnt.snc	fx.sftgif	%	-	-	-	-	-	-	-	-	esm-hist hist-GHG hist-aer hist-nat historical ssp245
145		ImonAnt.snm	fx.sftgif	kg m-2 s-1	-	-	-	-	-	-	-	-	historical ssp119 ssp126 ssp245 ssp370 ssp434 ssp460 ssp534-over ssp585
146		ImonAnt.tas	fx.sftgif	K	-	-	-	-	-	-	-	-	1pctCO2 abrupt-4xCO2 amip esm-hist hist-GHG hist-aer hist-nat historical land-noLu lgm midHolocene piControl rcp26-cmip5 rcp45-cmip5 rcp60-cmip5 rcp85-cmip5 ssp119 ssp126 ssp245 ssp370 ssp434 ssp460 ssp534-over ssp585
147		ImonAnt.ts	fx.sftgif	K	-	-	-	-	-	-	-	-	control-1950 esm-hist faf-all faf-antwater-stress faf-heat faf-heat-NA0pct faf-heat-NA50pct faf-passiveheat faf-stress faf-water highres-future highresSST-4xCO2 highresSST-LAI highresSST-future highresSST-p4K highresSST-present highresSST-smoothed hist-1950 hist-GHG hist-aer hist-nat hist-stratO3 historical land-noLu lgm midHolocene omip1 omip1-spunup omip2 omip2-spunup piClim-4xCO2 piClim-aer piClim-anthro piClim-control piClim-ghg piClim-lu piControl rcp26-cmip5 rcp45-cmip5 rcp60-cmip5 rcp85-cmip5 spinup-1950 ssp119 ssp126 ssp245 ssp370 ssp434 ssp460 ssp534-over ssp585
148		ImonAnt.tsn	fx.sftgif	K	-	-	-	-	-	-	-	-	historical ssp119 ssp126 ssp245 ssp370 ssp434 ssp460 ssp534-over ssp585
149		ImonGre.acabf	fx.sftgif	kg m-2 s-1	-	-	-	-	-	-	-	-	historical ssp119 ssp126 ssp245 ssp370 ssp434 ssp460 ssp534-over ssp585
150		ImonGre.hfls	fx.sftgif	W m-2	1800	robust	-400	robust	110	robust	30	robust	esm-hist hist-GHG hist-aer hist-nat historical ssp245
151		ImonGre.hfss	fx.sftgif	W m-2	2000	robust	-1000	robust	60	robust	5	robust	esm-hist hist-GHG hist-aer hist-nat historical ssp245
152		ImonGre.prsn	fx.sftgif	kg m-2 s-1	-	-	-	-	-	-	-	-	historical piControl ssp119 ssp126 ssp245 ssp370 ssp434 ssp460 ssp534-over ssp585
153		ImonGre.rlds	fx.sftgif	W m-2	-	-	-	-	-	-	-	-	esm-hist hist-GHG hist-aer hist-nat historical ssp245
154		ImonGre.rlus	fx.sftgif	W m-2	-	-	-	-	-	-	-	-	esm-hist historical
155		ImonGre.rsds	fx.sftgif	W m-2	-	-	-	-	-	-	-	-	esm-hist hist-GHG hist-aer hist-nat historical piControl ssp126 ssp245 ssp370 ssp585
156		ImonGre.rsus	fx.sftgif	W m-2	-	-	-	-	-	-	-	-	esm-hist hist-GHG hist-aer hist-nat historical ssp245
157		ImonGre.sbl	fx.sftgif	kg m-2 s-1	-	-	-	-	-	-	-	-	historical ssp119 ssp126 ssp245 ssp370 ssp434 ssp460 ssp534-over ssp585
158		ImonGre.snc	fx.sftgif	%	-	-	-	-	-	-	-	-	esm-hist hist-GHG hist-aer hist-nat historical ssp245
159		ImonGre.snm	fx.sftgif	kg m-2 s-1	-	-	-	-	-	-	-	-	historical ssp119 ssp126 ssp245 ssp370 ssp434 ssp460 ssp534-over ssp585
160		ImonGre.tas	fx.sftgif	K	-	-	-	-	-	-	-	-	1pctCO2 abrupt-4xCO2 amip esm-hist hist-GHG hist-aer hist-nat historical land-noLu lgm midHolocene piControl rcp26-cmip5 rcp45-cmip5 rcp60-cmip5 rcp85-cmip5 ssp119 ssp126 ssp245 ssp370 ssp434 ssp460 ssp534-over ssp585
161		ImonGre.ts	fx.sftgif	K	-	-	-	-	-	-	-	-	control-1950 esm-hist faf-all faf-antwater-stress faf-heat faf-heat-NA0pct faf-heat-NA50pct faf-passiveheat faf-stress faf-water highres-future highresSST-4xCO2 highresSST-LAI highresSST-future highresSST-p4K highresSST-present highresSST-smoothed hist-1950 hist-GHG hist-aer hist-nat hist-stratO3 historical land-noLu lgm midHolocene omip1 omip1-spunup omip2 omip2-spunup piClim-4xCO2 piClim-aer piClim-anthro piClim-control piClim-ghg piClim-lu piControl rcp26-cmip5 rcp45-cmip5 rcp60-cmip5 rcp85-cmip5 spinup-1950 ssp119 ssp126 ssp245 ssp370 ssp434 ssp460 ssp534-over ssp585
162		ImonGre.tsn	fx.sftgif	K	-	-	-	-	-	-	-	-	historical ssp119 ssp126 ssp245 ssp370 ssp434 ssp460 ssp534-over ssp585
163		LImon.acabfIs	fx.sftgif	kg m-2 s-1	-	-	-	-	-	-	-	-	historical ssp119 ssp126 ssp245 ssp370 ssp434 ssp460 ssp534-over ssp585
164		LImon.sbl	fx.sftlf	kg m-2 s-1	0.0009936	suggested	-0.004959	suggested	9.61E-05	suggested	Item <X.1 Core Attributes>: [ok_min_mean_abs] Minimum expected value of the global mean absolute value at each point in time		historical ssp119 ssp126 ssp245 ssp370 ssp434 ssp460 ssp534-over ssp585
165		LImon.sftflf		%	-	-	-	-	-	-	-	-	historical lgm midHolocene piControl ssp119 ssp126 ssp245 ssp370 ssp434 ssp460 ssp534-over ssp585
166		LImon.sftgif		%	-	-	-	-	-	-	-	-	historical lgm midHolocene piControl ssp119 ssp126 ssp245 ssp370 ssp434 ssp460 ssp534-over ssp585
167		LImon.sftgrf		%	-	-	-	-	-	-	-	-	historical lgm midHolocene piControl ssp119 ssp126 ssp245 ssp370 ssp434 ssp460 ssp534-over ssp585
168		LImon.snc		%	105	suggested	0	suggested	78.46	suggested	Item <X.1 Core Attributes>: [ok_min_mean_abs] Minimum expected value of the global mean absolute value at each point in time		esm-hist hist-GHG hist-aer hist-nat historical ssp245
169		LImon.snd	fx.sftlf	m	962.9	suggested	0	suggested	4.503	suggested	Item <X.1 Core Attributes>: [ok_min_mean_abs] Minimum expected value of the global mean absolute value at each point in time		historical ssp119 ssp126 ssp245 ssp370 ssp434 ssp460 ssp534-over ssp585
170		LImon.snm	fx.sftlf	kg m-2 s-1	0.0003926	suggested	0	suggested	6.123E-06	suggested	Item <X.1 Core Attributes>: [ok_min_mean_abs] Minimum expected value of the global mean absolute value at each point in time		historical ssp119 ssp126 ssp245 ssp370 ssp434 ssp460 ssp534-over ssp585
171		LImon.snw	fx.sftlf	kg m-2	955500	suggested	-0.007542	suggested	12130	suggested	Item <X.1 Core Attributes>: [ok_min_mean_abs] Minimum expected value of the global mean absolute value at each point in time		a4SST a4SSTice a4SSTice-4xCO2 abrupt-0p5xCO2 abrupt-2xCO2 abrupt-solm4p abrupt-solp4p amip-4xCO2 amip-a4SST-4xCO2 amip-future4K amip-lwoff amip-m4K amip-p4K amip-p4K-lwoff amip-piForcing aqua-4xCO2 aqua-control aqua-control-lwoff aqua-p4K aqua-p4K-lwoff esm-hist hist-GHG hist-aer hist-nat historical piSST piSST-4xCO2 piSST-4xCO2-rad piSST-pxK rcp26-cmip5 rcp45-cmip5 rcp60-cmip5 rcp85-cmip5 ssp119 ssp126 ssp245 ssp370 ssp434 ssp460 ssp534-over ssp585
172		LImon.tpf	fx.sftlf	m	-	-	-	-	-	-	-	-	historical ssp119 ssp126 ssp245 ssp370 ssp434 ssp460 ssp534-over ssp585
173		LImon.tsn	fx.sftlf	K	-	-	-	-	-	-	-	-	historical ssp119 ssp126 ssp245 ssp370 ssp434 ssp460 ssp534-over ssp585
174		Lmon.burntFractionAll		%	-	-	-	-	-	-	-	-	esm-hist hist-GHG hist-aer hist-nat historical ssp245
175		Lmon.cCwd	fx.sftlf	kg m-2	-	-	-	-	-	-	-	-	esm-hist historical
176		Lmon.cLeaf	fx.sftlf	kg m-2	-	-	-	-	-	-	-	-	esm-hist historical
177		Lmon.cLitterAbove	fx.sftlf	kg m-2	-	-	-	-	-	-	-	-	esm-hist historical
178		Lmon.cLitterBelow	fx.sftlf	kg m-2	-	-	-	-	-	-	-	-	esm-hist historical
179		Lmon.cProduct	fx.sftlf	kg m-2	-	-	-	-	-	-	-	-	esm-hist historical
180		Lmon.cRoot	fx.sftlf	kg m-2	-	-	-	-	-	-	-	-	esm-hist historical
181		Lmon.cSoilFast	fx.sftlf	kg m-2	-	-	-	-	-	-	-	-	esm-hist historical
182		Lmon.cSoilMedium	fx.sftlf	kg m-2	-	-	-	-	-	-	-	-	esm-hist historical
183		Lmon.cSoilSlow	fx.sftlf	kg m-2	-	-	-	-	-	-	-	-	esm-hist historical
184		Lmon.cVeg	fx.sftlf	kg m-2	-	-	-	-	-	-	-	-	esm-hist historical
185		Lmon.gpp	fx.sftlf	kg m-2 s-1	-	-	-	-	-	-	-	-	esm-hist hist-GHG hist-aer hist-nat historical ssp245
186		Lmon.lai	fx.sftlf	1	-	-	-	-	-	-	-	-	esm-hist hist-GHG hist-aer hist-nat historical ssp245
187		Lmon.landCoverFrac		%	-	-	-	-	-	-	-	-	esm-hist hist-GHG hist-aer hist-nat historical ssp245
188		Lmon.mrro	fx.sftlf	kg m-2 s-1	0.001065	suggested	-0.0002019	suggested	1.874E-05	suggested	Item <X.1 Core Attributes>: [ok_min_mean_abs] Minimum expected value of the global mean absolute value at each point in time		a4SST a4SSTice a4SSTice-4xCO2 abrupt-0p5xCO2 abrupt-2xCO2 abrupt-solm4p abrupt-solp4p amip-4xCO2 amip-a4SST-4xCO2 amip-future4K amip-lwoff amip-m4K amip-p4K amip-p4K-lwoff amip-piForcing aqua-4xCO2 aqua-control aqua-control-lwoff aqua-p4K aqua-p4K-lwoff esm-hist hist-GHG hist-aer hist-nat historical piControl piSST piSST-4xCO2 piSST-4xCO2-rad piSST-pxK rcp26-cmip5 rcp45-cmip5 rcp60-cmip5 rcp85-cmip5 ssp119 ssp126 ssp245 ssp370 ssp434 ssp460 ssp534-over ssp585
189		Lmon.mrros	fx.sftlf	kg m-2 s-1	0.0009825	suggested	-6.802E-06	suggested	1.302E-05	suggested	Item <X.1 Core Attributes>: [ok_min_mean_abs] Minimum expected value of the global mean absolute value at each point in time		historical piControl ssp126 ssp245 ssp370 ssp585
190		Lmon.mrso	fx.sftlf	kg m-2	5717	suggested	-64.17	suggested	3038	suggested	Item <X.1 Core Attributes>: [ok_min_mean_abs] Minimum expected value of the global mean absolute value at each point in time		a4SST a4SSTice a4SSTice-4xCO2 abrupt-0p5xCO2 abrupt-2xCO2 abrupt-solm4p abrupt-solp4p amip-4xCO2 amip-a4SST-4xCO2 amip-future4K amip-lwoff amip-m4K amip-p4K amip-p4K-lwoff amip-piForcing aqua-4xCO2 aqua-control aqua-control-lwoff aqua-p4K aqua-p4K-lwoff esm-hist hist-GHG hist-aer hist-nat historical piControl piSST piSST-4xCO2 piSST-4xCO2-rad piSST-pxK rcp26-cmip5 rcp45-cmip5 rcp60-cmip5 rcp85-cmip5 ssp119 ssp126 ssp245 ssp370 ssp434 ssp460 ssp534-over ssp585
191		Lmon.mrsos	fx.sftlf	kg m-2	146.5	suggested	-2.008	suggested	123.3	suggested	Item <X.1 Core Attributes>: [ok_min_mean_abs] Minimum expected value of the global mean absolute value at each point in time		a4SST a4SSTice a4SSTice-4xCO2 abrupt-0p5xCO2 abrupt-2xCO2 abrupt-solm4p abrupt-solp4p amip-4xCO2 amip-a4SST-4xCO2 amip-future4K amip-lwoff amip-m4K amip-p4K amip-p4K-lwoff amip-piForcing aqua-4xCO2 aqua-control aqua-control-lwoff aqua-p4K aqua-p4K-lwoff esm-hist hist-GHG hist-aer hist-nat historical piControl piSST piSST-4xCO2 piSST-4xCO2-rad piSST-pxK rcp26-cmip5 rcp45-cmip5 rcp60-cmip5 rcp85-cmip5 ssp119 ssp126 ssp245 ssp370 ssp434 ssp460 ssp534-over ssp585
192		Lmon.nbp	fx.sftlf	kg m-2 s-1	-	-	-	-	-	-	-	-	esm-hist hist-GHG hist-aer hist-nat historical ssp245
193		Lmon.ra	fx.sftlf	kg m-2 s-1	-	-	-	-	-	-	-	-	esm-hist historical
194		Lmon.rh	fx.sftlf	kg m-2 s-1	-	-	-	-	-	-	-	-	esm-hist historical
195		Lmon.tsl	fx.sftlf	K	-	-	-	-	-	-	-	-	esm-hist hist-GHG hist-aer hist-nat historical ssp119 ssp126 ssp245 ssp370 ssp434 ssp460 ssp534-over ssp585
196		Oday.tos	Ofx.sftof	degC	-	-	-	-	-	-	-	-	historical ssp119 ssp126 ssp245 ssp370 ssp434 ssp460 ssp534-over ssp585
197		Ofx.deptho	Ofx.sftof	m	-	-	-	-	-	-	-	-	control-1950 esm-hist faf-all faf-antwater-stress faf-heat faf-heat-NA0pct faf-heat-NA50pct faf-passiveheat faf-stress faf-water highres-future highresSST-4xCO2 highresSST-LAI highresSST-future highresSST-p4K highresSST-present highresSST-smoothed hist-1950 hist-GHG hist-aer hist-nat historical omip1 omip1-spunup omip2 omip2-spunup rcp26-cmip5 rcp45-cmip5 rcp60-cmip5 rcp85-cmip5 spinup-1950 ssp119 ssp126 ssp245 ssp370 ssp434 ssp460 ssp534-over ssp585
198		Omon.bigthetao	Ofx.sftof	degC	-	-	-	-	-	-	-	-	1pctCO2 abrupt-4xCO2 control-1950 esm-hist faf-all faf-antwater-stress faf-heat faf-heat-NA0pct faf-heat-NA50pct faf-passiveheat faf-stress faf-water highres-future highresSST-4xCO2 highresSST-LAI highresSST-future highresSST-p4K highresSST-present highresSST-smoothed hist-1950 hist-GHG hist-aer hist-nat historical omip1 omip1-spunup omip2 omip2-spunup piControl rcp26-cmip5 rcp45-cmip5 rcp60-cmip5 rcp85-cmip5 spinup-1950 ssp119 ssp126 ssp245 ssp370 ssp434 ssp460 ssp534-over ssp585
199		Omon.bigthetaoga	Ofx.sftof	degC	-	-	-	-	-	-	-	-	1pctCO2 abrupt-4xCO2 historical piControl ssp126 ssp245 ssp370 ssp585
200		Omon.fgco2	Ofx.sftof	kg m-2 s-1	-	-	-	-	-	-	-	-	esm-hist hist-GHG hist-aer hist-nat historical ssp245
201		Omon.hfds	Ofx.sftof	W m-2	-	-	-	-	-	-	-	-	esm-hist hist-GHG hist-aer hist-nat historical ssp245
202		Omon.masscello	Ofx.sftof	kg m-2	-	-	-	-	-	-	-	-	control-1950 esm-hist faf-all faf-antwater-stress faf-heat faf-heat-NA0pct faf-heat-NA50pct faf-passiveheat faf-stress faf-water highres-future highresSST-4xCO2 highresSST-LAI highresSST-future highresSST-p4K highresSST-present highresSST-smoothed hist-1950 hist-GHG hist-aer hist-nat historical omip1 omip1-spunup omip2 omip2-spunup rcp26-cmip5 rcp45-cmip5 rcp60-cmip5 rcp85-cmip5 spinup-1950 ssp119 ssp126 ssp245 ssp370 ssp434 ssp460 ssp534-over ssp585
203		Omon.masso	Ofx.sftof	kg	-	-	-	-	-	-	-	-	control-1950 esm-hist faf-all faf-antwater-stress faf-heat faf-heat-NA0pct faf-heat-NA50pct faf-passiveheat faf-stress faf-water highres-future highresSST-4xCO2 highresSST-LAI highresSST-future highresSST-p4K highresSST-present highresSST-smoothed hist-1950 hist-GHG hist-aer hist-nat historical omip1 omip1-spunup omip2 omip2-spunup rcp26-cmip5 rcp45-cmip5 rcp60-cmip5 rcp85-cmip5 spinup-1950 ssp119 ssp126 ssp245 ssp370 ssp434 ssp460 ssp534-over ssp585
204		Omon.mfo		kg s-1	-	-	-	-	-	-	-	-	esm-hist hist-GHG hist-aer hist-nat historical ssp245
205		Omon.mlotst	Ofx.sftof	m	-	-	-	-	-	-	-	-	esm-hist hist-GHG hist-aer hist-nat historical ssp245
206		Omon.msftbarot	Ofx.sftof	kg s-1	-	-	-	-	-	-	-	-	control-1950 faf-all faf-antwater-stress faf-heat faf-heat-NA0pct faf-heat-NA50pct faf-passiveheat faf-stress faf-water highres-future highresSST-4xCO2 highresSST-LAI highresSST-future highresSST-p4K highresSST-present highresSST-smoothed hist-1950 historical omip1 omip1-spunup omip2 omip2-spunup rcp26-cmip5 rcp45-cmip5 rcp60-cmip5 rcp85-cmip5 spinup-1950 ssp119 ssp126 ssp245 ssp370 ssp434 ssp460 ssp534-over ssp585
207		Omon.msftmrho		kg s-1	-	-	-	-	-	-	-	-	control-1950 faf-all faf-antwater-stress faf-heat faf-heat-NA0pct faf-heat-NA50pct faf-passiveheat faf-stress faf-water highres-future highresSST-4xCO2 highresSST-LAI highresSST-future highresSST-p4K highresSST-present highresSST-smoothed hist-1950 historical omip1 omip1-spunup omip2 omip2-spunup rcp26-cmip5 rcp45-cmip5 rcp60-cmip5 rcp85-cmip5 spinup-1950 ssp119 ssp126 ssp245 ssp370 ssp434 ssp460 ssp534-over ssp585
208		Omon.msftmz		kg s-1	-	-	-	-	-	-	-	-	control-1950 esm-hist faf-all faf-antwater-stress faf-heat faf-heat-NA0pct faf-heat-NA50pct faf-passiveheat faf-stress faf-water highres-future highresSST-4xCO2 highresSST-LAI highresSST-future highresSST-p4K highresSST-present highresSST-smoothed hist-1950 hist-GHG hist-aer hist-nat historical omip1 omip1-spunup omip2 omip2-spunup rcp26-cmip5 rcp45-cmip5 rcp60-cmip5 rcp85-cmip5 spinup-1950 ssp119 ssp126 ssp245 ssp370 ssp434 ssp460 ssp534-over ssp585
209		Omon.msftyz		kg s-1	-	-	-	-	-	-	-	-	esm-hist hist-GHG hist-aer hist-nat historical ssp245
210		Omon.o2	Ofx.sftof	mol m-3	-	-	-	-	-	-	-	-	historical piControl ssp119 ssp126 ssp245 ssp370 ssp434 ssp460 ssp534-over ssp585
211		Omon.ph	Ofx.sftof	1	-	-	-	-	-	-	-	-	historical piControl ssp119 ssp126 ssp245 ssp370 ssp434 ssp460 ssp534-over ssp585
212		Omon.prsn		kg m-2 s-1	0.0002987	suggested	0	suggested	6.11E-06	suggested	1.449E-06	suggested	historical piControl ssp119 ssp126 ssp245 ssp370 ssp434 ssp460 ssp534-over ssp585
213		Omon.so	Ofx.sftof	0.001	100	robust	-0.001	robust	40	robust	28	robust	control-1950 esm-hist faf-all faf-antwater-stress faf-heat faf-heat-NA0pct faf-heat-NA50pct faf-passiveheat faf-stress faf-water highres-future highresSST-4xCO2 highresSST-LAI highresSST-future highresSST-p4K highresSST-present highresSST-smoothed hist-1950 hist-GHG hist-aer hist-nat historical omip1 omip1-spunup omip2 omip2-spunup rcp26-cmip5 rcp45-cmip5 rcp60-cmip5 rcp85-cmip5 spinup-1950 ssp119 ssp126 ssp245 ssp370 ssp434 ssp460 ssp534-over ssp585
214		Omon.sos	Ofx.sftof	0.001	100	robust	-0.001	robust	40	robust	28	robust	esm-hist hist-GHG hist-aer hist-nat historical ssp245
215		Omon.tauuo		N m-2	-	-	-	-	-	-	-	-	control-1950 faf-all faf-antwater-stress faf-heat faf-heat-NA0pct faf-heat-NA50pct faf-passiveheat faf-stress faf-water highres-future highresSST-4xCO2 highresSST-LAI highresSST-future highresSST-p4K highresSST-present highresSST-smoothed hist-1950 historical omip1 omip1-spunup omip2 omip2-spunup rcp26-cmip5 rcp45-cmip5 rcp60-cmip5 rcp85-cmip5 spinup-1950 ssp119 ssp126 ssp245 ssp370 ssp434 ssp460 ssp534-over ssp585
216		Omon.tauvo		N m-2	-	-	-	-	-	-	-	-	control-1950 faf-all faf-antwater-stress faf-heat faf-heat-NA0pct faf-heat-NA50pct faf-passiveheat faf-stress faf-water highres-future highresSST-4xCO2 highresSST-LAI highresSST-future highresSST-p4K highresSST-present highresSST-smoothed hist-1950 historical omip1 omip1-spunup omip2 omip2-spunup rcp26-cmip5 rcp45-cmip5 rcp60-cmip5 rcp85-cmip5 spinup-1950 ssp119 ssp126 ssp245 ssp370 ssp434 ssp460 ssp534-over ssp585
217		Omon.thetao	Ofx.sftof	degC	-	-	-	-	-	-	-	-	1pctCO2 abrupt-4xCO2 control-1950 esm-hist faf-all faf-antwater-stress faf-heat faf-heat-NA0pct faf-heat-NA50pct faf-passiveheat faf-stress faf-water highres-future highresSST-4xCO2 highresSST-LAI highresSST-future highresSST-p4K highresSST-present highresSST-smoothed hist-1950 hist-GHG hist-aer hist-nat historical omip1 omip1-spunup omip2 omip2-spunup piControl rcp26-cmip5 rcp45-cmip5 rcp60-cmip5 rcp85-cmip5 spinup-1950 ssp119 ssp126 ssp245 ssp370 ssp434 ssp460 ssp534-over ssp585
218		Omon.thetaoga	Ofx.sftof	degC	-	-	-	-	-	-	-	-	1pctCO2 abrupt-4xCO2 historical piControl ssp126 ssp245 ssp370 ssp585
219		Omon.thkcello	Ofx.sftof	m	-	-	-	-	-	-	-	-	control-1950 esm-hist faf-all faf-antwater-stress faf-heat faf-heat-NA0pct faf-heat-NA50pct faf-passiveheat faf-stress faf-water highres-future highresSST-4xCO2 highresSST-LAI highresSST-future highresSST-p4K highresSST-present highresSST-smoothed hist-1950 hist-GHG hist-aer hist-nat historical omip1 omip1-spunup omip2 omip2-spunup rcp26-cmip5 rcp45-cmip5 rcp60-cmip5 rcp85-cmip5 spinup-1950 ssp119 ssp126 ssp245 ssp370 ssp434 ssp460 ssp534-over ssp585
220		Omon.tos	Ofx.sftof	degC	325.2	suggested	257.4	suggested	303.5	suggested	272	suggested	1pctCO2 abrupt-4xCO2 control-1950 esm-hist faf-all faf-antwater-stress faf-heat faf-heat-NA0pct faf-heat-NA50pct faf-passiveheat faf-stress faf-water highres-future highresSST-4xCO2 highresSST-LAI highresSST-future highresSST-p4K highresSST-present highresSST-smoothed hist-1950 hist-GHG hist-aer hist-nat historical lgm midHolocene omip1 omip1-spunup omip2 omip2-spunup piControl rcp26-cmip5 rcp45-cmip5 rcp60-cmip5 rcp85-cmip5 spinup-1950 ssp119 ssp126 ssp245 ssp370 ssp434 ssp460 ssp534-over ssp585
221		Omon.umo		kg s-1	-	-	-	-	-	-	-	-	control-1950 faf-all faf-antwater-stress faf-heat faf-heat-NA0pct faf-heat-NA50pct faf-passiveheat faf-stress faf-water highres-future highresSST-4xCO2 highresSST-LAI highresSST-future highresSST-p4K highresSST-present highresSST-smoothed hist-1950 historical omip1 omip1-spunup omip2 omip2-spunup rcp26-cmip5 rcp45-cmip5 rcp60-cmip5 rcp85-cmip5 spinup-1950 ssp119 ssp126 ssp245 ssp370 ssp434 ssp460 ssp534-over ssp585
222		Omon.uo		m s-1	-	-	-	-	-	-	-	-	control-1950 faf-all faf-antwater-stress faf-heat faf-heat-NA0pct faf-heat-NA50pct faf-passiveheat faf-stress faf-water highres-future highresSST-4xCO2 highresSST-LAI highresSST-future highresSST-p4K highresSST-present highresSST-smoothed hist-1950 historical omip1 omip1-spunup omip2 omip2-spunup rcp26-cmip5 rcp45-cmip5 rcp60-cmip5 rcp85-cmip5 spinup-1950 ssp119 ssp126 ssp245 ssp370 ssp434 ssp460 ssp534-over ssp585
223		Omon.vmo		kg s-1	-	-	-	-	-	-	-	-	control-1950 faf-all faf-antwater-stress faf-heat faf-heat-NA0pct faf-heat-NA50pct faf-passiveheat faf-stress faf-water highres-future highresSST-4xCO2 highresSST-LAI highresSST-future highresSST-p4K highresSST-present highresSST-smoothed hist-1950 historical omip1 omip1-spunup omip2 omip2-spunup rcp26-cmip5 rcp45-cmip5 rcp60-cmip5 rcp85-cmip5 spinup-1950 ssp119 ssp126 ssp245 ssp370 ssp434 ssp460 ssp534-over ssp585
224		Omon.vo		m s-1	-	-	-	-	-	-	-	-	control-1950 faf-all faf-antwater-stress faf-heat faf-heat-NA0pct faf-heat-NA50pct faf-passiveheat faf-stress faf-water highres-future highresSST-4xCO2 highresSST-LAI highresSST-future highresSST-p4K highresSST-present highresSST-smoothed hist-1950 historical omip1 omip1-spunup omip2 omip2-spunup rcp26-cmip5 rcp45-cmip5 rcp60-cmip5 rcp85-cmip5 spinup-1950 ssp119 ssp126 ssp245 ssp370 ssp434 ssp460 ssp534-over ssp585
225		Omon.volcello	Ofx.sftof	m3	-	-	-	-	-	-	-	-	1pctCO2 abrupt-4xCO2 control-1950 esm-hist faf-all faf-antwater-stress faf-heat faf-heat-NA0pct faf-heat-NA50pct faf-passiveheat faf-stress faf-water highres-future highresSST-4xCO2 highresSST-LAI highresSST-future highresSST-p4K highresSST-present highresSST-smoothed hist-1950 hist-GHG hist-aer hist-nat historical land-noLu omip1 omip1-spunup omip2 omip2-spunup piControl rcp26-cmip5 rcp45-cmip5 rcp60-cmip5 rcp85-cmip5 spinup-1950 ssp119 ssp126 ssp245 ssp370 ssp434 ssp460 ssp534-over ssp585
226		Omon.volo	Ofx.sftof	m3	-	-	-	-	-	-	-	-	control-1950 esm-hist faf-all faf-antwater-stress faf-heat faf-heat-NA0pct faf-heat-NA50pct faf-passiveheat faf-stress faf-water highres-future highresSST-4xCO2 highresSST-LAI highresSST-future highresSST-p4K highresSST-present highresSST-smoothed hist-1950 hist-GHG hist-aer hist-nat historical omip1 omip1-spunup omip2 omip2-spunup rcp26-cmip5 rcp45-cmip5 rcp60-cmip5 rcp85-cmip5 spinup-1950 ssp119 ssp126 ssp245 ssp370 ssp434 ssp460 ssp534-over ssp585
227		Omon.zos	Ofx.sftof	m	9.575	suggested	-13.97	suggested	1.572	suggested	0.008384	suggested	esm-hist hist-GHG hist-aer hist-nat historical piControl ssp119 ssp126 ssp245 ssp370 ssp434 ssp460 ssp534-over ssp585
228		Omon.zostoga	Ofx.sftof	m	0.3734	suggested	-0.1375	suggested	0.2998	suggested	Item <X.1 Core Attributes>: [ok_min_mean_abs] Minimum expected value of the global mean absolute value at each point in time		1pctCO2 abrupt-4xCO2 esm-hist hist-GHG hist-aer hist-nat historical piControl ssp119 ssp126 ssp245 ssp370 ssp434 ssp460 ssp534-over ssp585
229		Oyr.o2	Ofx.sftof	mol m-3	-	-	-	-	-	-	-	-	historical piControl ssp119 ssp126 ssp245 ssp370 ssp434 ssp460 ssp534-over ssp585
230		Oyr.ph	Ofx.sftof	1	-	-	-	-	-	-	-	-	historical piControl ssp119 ssp126 ssp245 ssp370 ssp434 ssp460 ssp534-over ssp585
231		SImon.siarean		1e6 km2	-	-	-	-	-	-	-	-	historical ssp119 ssp126 ssp245 ssp370 ssp434 ssp460 ssp534-over ssp585
232		SImon.siareas		1e6 km2	-	-	-	-	-	-	-	-	historical ssp119 ssp126 ssp245 ssp370 ssp434 ssp460 ssp534-over ssp585
233		SImon.siconc	Ofx.sftof	%	100.001	robust	-0.001	robust	40	robust	1	robust	esm-hist hist-GHG hist-aer hist-nat historical land-noLu lgm midHolocene piControl ssp119 ssp126 ssp245 ssp370 ssp434 ssp460 ssp534-over ssp585
234		SImon.siconca		%	-	-	-	-	-	-	-	-	esm-hist hist-GHG hist-aer hist-nat historical land-noLu ssp119 ssp126 ssp245 ssp370 ssp434 ssp460 ssp534-over ssp585
235		SImon.sithick	Simon.siconc	m	200	robust	-0.001	robust	4	robust	0.05	robust	historical ssp119 ssp126 ssp245 ssp370 ssp434 ssp460 ssp534-over ssp585
236		SImon.sivoln		1e3 km3	-	-	-	-	-	-	-	-	historical ssp119 ssp126 ssp245 ssp370 ssp434 ssp460 ssp534-over ssp585
237		SImon.sivols		1e3 km3	-	-	-	-	-	-	-	-	historical ssp119 ssp126 ssp245 ssp370 ssp434 ssp460 ssp534-over ssp585
